{
    "categorias": [
        {
            "id": "bienestar",
            "nombre": "bienestar",
            "subcategorias": [
                "higiene",
                "salud"
            ]
        },
        {
            "id": "comportamiento",
            "nombre": "comportamiento",
            "subcategorias": [
                "entrenamiento",
                "educacion"
            ]
        }
    ],
    "posts": [
        {
            "id": 1,
            "title": "Baño en perros",
            "metadescription": "Utiliza las herramientas ideales para bañar a tu perro",
            "body": "La mayoría de los perros prefieren saltarse la hora del baño, pero el baño juega un papel importante en la salud del pelaje y la piel de su perro, ya que ayuda a mantenerla limpia y libre de suciedad y parásitos. Tener los productos adecuados puede ayudarlo a sentirse más cómodo.",
            "categoria": "bienestar",
            "subcategoria": "higiene"
        },
        {
            "id": 2,
            "title": "Tu cachorro merece un tapete higiénico",
            "metadescription": "El baño que tu cachorro merece",
            "body": "Los tapetes higiénicos son una innovación en el mercado de las mascotas, perfectas para que tu perro haga sus necesidades con comodidad y sin ensuciar la casa. Son productos desechables o lavables que garantizan la comodidad de tu mascota.",
            "categoria": "bienestar",
            "subcategoria": "higiene"
        },
        {
            "id": 3,
            "title": "¿Época de pulgas?",
            "metadescription": "Es necesario evitar que tus mascotas contraigan estos parásitos",
            "body": "No es la mordedura, sino la reacción alérgica a ella lo que hace que tu perro sienta comezón. Algunas mascotas son hipersensibles a las pulgas y pueden tener una reacción grave con solo un mordisco. Sin embargo, todas las mascotas experimentarán molestias por las picaduras de pulgas. Entonces, tan pronto como veas rasguños repetidos, sospeche de las pulgas.",
            "categoria": "bienestar",
            "subcategoria": "salud"
        },
        {
            "id": 4,
            "title": "¿Tu mascota está estresada?",
            "metadescription": "El cambio de rutina puede ser el mayor factor.",
            "body": "Talvez eres de las personas que le dan atención adicional, pero cuando tienes que ir a la oficina o a realizar alguna actividad lo dejas en tu casa, causandole esa falta de atención que le brindas constantemente, lo ideal es mimarlos en la medida cierta. Debido a la pandemia hemos estado más presentes en nuestro hogar lo cuál puede acostumbrar a tu mascota a estar más tiempo contigo.",
            "categoria": "comportamiento",
            "subcategoria": "educacion"
        },
        {
            "id": 5,
            "title": "¿Cómo entrenar a tu perro para que no tenga miedo?",
            "metadescription": "La socialización es un grande factor en este aprendizaje.",
            "body": "Solo se puede enseñar a un perro a dejar de tener miedo aumentando su confianza en sí mismo. Esto significa cambiar la forma en que reacciona su mente en determinadas situaciones y convertir las asociaciones negativas en positivas. Hacer esto requiere mucha paciencia y una serie de exposiciones controladas al evento u objeto temido, pero lo suficientemente lejos como para que el perro no se sienta ansioso.",
            "categoria": "comportamiento",
            "subcategoria": "educacion"
        },
        {
            "id": 6,
            "title": "¿Por qué los gatos ronroñean?",
            "metadescription": "El ronroneo es una señal de aviso.",
            "body": "Una cosa que los científicos saben con certeza es que la parte del cerebro del gato que controla las vocalizaciones está muy conectada con la parte del cerebro que controla las emociones del gato. Entonces, lo que el gato está “diciendo” es absolutamente un reflejo de como se siente.",
            "categoria": "comportamiento",
            "subcategoria": "entrenamiento"
        },
        {
            "id": 7,
            "title": "¿Cómo entrenar a tu gato?",
            "metadescription": "Si, tu puedes entrenar a tu gato y es mucho más fácil de lo que pensabas.",
            "body": "Puedes utilizar herramientas de entrenamiento para una amplia variedad de animales, un 'clicker' solo costará unos pocos dólares y te ayudará a dar un refuerzo positivo cuando aprendas a entrenar a un gato. (También puedes usar un bolígrafo normal con un botón de click; lo importante es tener un ruido distintivo). La mayoría de los entrenamientos para gatos implican darle a tu gato una golosina que le guste después de un click para marcar el comportamiento deseado.",
            "categoria": "comportamiento",
            "subcategoria": "entrenamiento"
        }
    ]
}